family,feature,cluster,representative,max_abs_corr,ic_incremental,verdict
outrights,keltner_dist_20,0,rsi_2,0.9675823348991612,0.04470929441478237,aporta
outrights,pctb_10_1_5,0,rsi_2,0.9999999999993147,0.0071364422214487775,redundante
outrights,pctb_20_2,0,rsi_2,0.999999999999743,0.03878139362921538,aporta
outrights,rsi_14,0,rsi_2,0.9675823348991612,0.03926289782818048,aporta
outrights,rsi_2,0,rsi_2,0.8774623950175041,,representante
outrights,z_10,0,rsi_2,0.9999999999993147,0.0071364422214487775,redundante
outrights,z_20,0,rsi_2,0.999999999999743,0.03878139362921538,aporta
outrights,z_50,0,rsi_2,0.9481943828271473,0.08219817689689536,aporta
outrights,rsi_div_14,1,rsi_div_14,,,representante
outrights,macd_div,2,macd_div,,,representante
outrights,mom_decel_10,3,mom_decel_10,,,representante
outrights,er_drop_20,4,er_drop_20,,,representante
outrights,vol_ratio,5,vol_ratio,,,representante
outrights,er_20,6,er_20,,,representante
outrights,slope_20,7,slope_20,,,representante
outrights,macd_hist,8,macd_hist,,,representante
outrights,level_pct,9,level_z,0.9609023486009588,-0.06305259798649435,aporta
outrights,level_z,9,level_z,0.9609023486009588,,representante
calendars,keltner_dist_20,0,rsi_14,0.9609013369922297,0.03940914700731454,aporta
calendars,pctb_10_1_5,0,rsi_14,0.9999999989196648,0.030939036208006563,aporta
calendars,pctb_20_2,0,rsi_14,0.9999999999482618,0.03245783505153467,aporta
calendars,rsi_14,0,rsi_14,0.944718483325604,,representante
calendars,rsi_2,0,rsi_14,0.8694964584943503,0.019630172592892157,redundante
calendars,z_10,0,rsi_14,0.9999999989196648,0.030939036207082174,aporta
calendars,z_20,0,rsi_14,0.9999999999482618,0.03245783506343588,aporta
calendars,z_50,0,rsi_14,0.944718483325604,-0.0077663045936148135,redundante
calendars,rsi_div_14,1,rsi_div_14,,,representante
calendars,macd_div,2,macd_div,,,representante
calendars,mom_decel_10,3,mom_decel_10,,,representante
calendars,er_drop_20,4,er_drop_20,,,representante
calendars,vol_ratio,5,vol_ratio,,,representante
calendars,er_20,6,er_20,,,representante
calendars,slope_20,7,slope_20,,,representante
calendars,macd_hist,8,macd_hist,,,representante
calendars,level_pct,9,level_z,0.9510807350623055,0.020302675726710736,redundante
calendars,level_z,9,level_z,0.9510807350623055,,representante
cracks,keltner_dist_20,0,rsi_14,0.9563144208313427,0.004452414436633182,redundante
cracks,pctb_10_1_5,0,rsi_14,1.0,0.027170052280159673,redundante
cracks,pctb_20_2,0,rsi_14,1.0,0.03044286326551622,aporta
cracks,rsi_14,0,rsi_14,0.9353450846176379,,representante
cracks,rsi_2,0,rsi_14,0.8695448792147285,0.02096474520415418,redundante
cracks,z_10,0,rsi_14,1.0,0.027170052280159673,redundante
cracks,z_20,0,rsi_14,1.0,0.03044286326551622,aporta
cracks,z_50,0,rsi_14,0.9353450846176379,-0.015160048449117672,redundante
cracks,rsi_div_14,1,rsi_div_14,,,representante
cracks,macd_div,2,macd_div,,,representante
cracks,mom_decel_10,3,mom_decel_10,,,representante
cracks,er_drop_20,4,er_drop_20,,,representante
cracks,vol_ratio,5,vol_ratio,,,representante
cracks,er_20,6,er_20,,,representante
cracks,slope_20,7,slope_20,,,representante
cracks,macd_hist,8,macd_hist,,,representante
cracks,level_pct,9,level_z,0.9625195325512731,0.006021261205321119,redundante
cracks,level_z,9,level_z,0.9625195325512731,,representante
brent_wti,keltner_dist_20,0,pctb_10_1_5,0.9602212501682812,0.0073163769714322275,redundante
brent_wti,pctb_10_1_5,0,pctb_10_1_5,0.9999999999006843,,representante
brent_wti,pctb_20_2,0,pctb_10_1_5,0.9999999999999211,0.031211659918095467,aporta
brent_wti,rsi_14,0,pctb_10_1_5,0.9446828716544261,0.0031009917647449757,redundante
brent_wti,rsi_2,0,pctb_10_1_5,0.8745032452672691,-0.017064444587719017,redundante
brent_wti,slope_20,0,pctb_10_1_5,0.8127156167194348,0.030968024831297083,aporta
brent_wti,z_10,0,pctb_10_1_5,0.9999999999006843,0.0,redundante
brent_wti,z_20,0,pctb_10_1_5,0.9999999999999211,0.031211659918095467,aporta
brent_wti,z_50,0,pctb_10_1_5,0.9446828716544261,0.013415013854444196,redundante
brent_wti,rsi_div_14,1,rsi_div_14,,,representante
brent_wti,macd_div,2,macd_div,,,representante
brent_wti,mom_decel_10,3,mom_decel_10,,,representante
brent_wti,er_drop_20,4,er_drop_20,,,representante
brent_wti,vol_ratio,5,vol_ratio,,,representante
brent_wti,er_20,6,er_20,,,representante
brent_wti,macd_hist,7,macd_hist,,,representante
brent_wti,level_pct,8,level_pct,0.9263011719159836,,representante
brent_wti,level_z,8,level_pct,0.9263011719159836,0.02366359629450835,redundante
quarterly,keltner_dist_20,0,rsi_14,0.9679420229085808,0.03273355025487623,aporta
quarterly,pctb_10_1_5,0,rsi_14,0.9999999999992235,0.02490752618298285,redundante
quarterly,pctb_20_2,0,rsi_14,0.9999999999998394,0.040870896453047846,aporta
quarterly,rsi_14,0,rsi_14,0.9326086654594669,,representante
quarterly,rsi_2,0,rsi_14,0.8528577656540249,0.007435928787871161,redundante
quarterly,z_10,0,rsi_14,0.9999999999992235,0.02490752618298285,redundante
quarterly,z_20,0,rsi_14,0.9999999999998394,0.040870896453047846,aporta
quarterly,z_50,0,rsi_14,0.9326086654594669,0.017115954665715288,redundante
quarterly,rsi_div_14,1,rsi_div_14,,,representante
quarterly,macd_div,2,macd_div,,,representante
quarterly,mom_decel_10,3,mom_decel_10,,,representante
quarterly,er_drop_20,4,er_drop_20,,,representante
quarterly,vol_ratio,5,vol_ratio,,,representante
quarterly,er_20,6,er_20,,,representante
quarterly,slope_20,7,slope_20,,,representante
quarterly,macd_hist,8,macd_hist,,,representante
quarterly,level_pct,9,level_z,0.9647311249289466,-0.02797781403816933,redundante
quarterly,level_z,9,level_z,0.9647311249289466,,representante
semestral,keltner_dist_20,0,rsi_14,0.9662247319415159,0.0451199598188004,aporta
semestral,pctb_10_1_5,0,rsi_14,0.9999999999998944,0.03271822876406281,aporta
semestral,pctb_20_2,0,rsi_14,1.0,0.0524746128297524,aporta
semestral,rsi_14,0,rsi_14,0.9371143568947273,,representante
semestral,rsi_2,0,rsi_14,0.8560372144377424,0.015585945628481888,redundante
semestral,z_10,0,rsi_14,0.9999999999998944,0.03271822876406281,aporta
semestral,z_20,0,rsi_14,1.0,0.0524746128297524,aporta
semestral,z_50,0,rsi_14,0.9371143568947273,0.0405202224872437,aporta
semestral,rsi_div_14,1,rsi_div_14,,,representante
semestral,macd_div,2,macd_div,,,representante
semestral,mom_decel_10,3,mom_decel_10,,,representante
semestral,er_drop_20,4,er_drop_20,,,representante
semestral,vol_ratio,5,vol_ratio,,,representante
semestral,er_20,6,er_20,,,representante
semestral,slope_20,7,slope_20,,,representante
semestral,macd_hist,8,macd_hist,,,representante
semestral,level_pct,9,level_z,0.9678845901148172,-0.014091118580553641,redundante
semestral,level_z,9,level_z,0.9678845901148172,,representante
yearly,keltner_dist_20,0,rsi_14,0.9637723007135562,0.03365903278564791,aporta
yearly,pctb_10_1_5,0,rsi_14,0.9999999999978452,0.02281286109103684,redundante
yearly,pctb_20_2,0,rsi_14,0.9999999999993208,0.0467500248401074,aporta
yearly,rsi_14,0,rsi_14,0.9375610526070851,,representante
yearly,rsi_2,0,rsi_14,0.8577816650746727,-0.0003610299647148079,redundante
yearly,z_10,0,rsi_14,0.9999999999978452,0.02281286109103684,redundante
yearly,z_20,0,rsi_14,0.9999999999993208,0.0467500248401074,aporta
yearly,z_50,0,rsi_14,0.9375610526070851,0.07222614295966219,aporta
yearly,rsi_div_14,1,rsi_div_14,,,representante
yearly,macd_div,2,macd_div,,,representante
yearly,mom_decel_10,3,mom_decel_10,,,representante
yearly,er_drop_20,4,er_drop_20,,,representante
yearly,vol_ratio,5,vol_ratio,,,representante
yearly,er_20,6,er_20,,,representante
yearly,slope_20,7,slope_20,,,representante
yearly,macd_hist,8,macd_hist,,,representante
yearly,level_pct,9,level_z,0.9765097810344259,0.004659518183756728,redundante
yearly,level_z,9,level_z,0.9765097810344259,,representante
flies,keltner_dist_20,0,rsi_14,0.9690796273056107,0.020651178904743515,redundante
flies,pctb_10_1_5,0,rsi_14,1.0,0.028141064742382312,redundante
flies,pctb_20_2,0,rsi_14,1.0,0.031581391737494614,aporta
flies,rsi_14,0,rsi_14,0.9422863416968053,,representante
flies,rsi_2,0,rsi_14,0.8548049032374816,0.014666603366715481,redundante
flies,z_10,0,rsi_14,1.0,0.028141064742382312,redundante
flies,z_20,0,rsi_14,1.0,0.031581391737494614,aporta
flies,z_50,0,rsi_14,0.9347866524655696,-0.005248015149495703,redundante
flies,rsi_div_14,1,rsi_div_14,,,representante
flies,macd_div,2,macd_div,,,representante
flies,mom_decel_10,3,mom_decel_10,,,representante
flies,er_drop_20,4,er_drop_20,,,representante
flies,vol_ratio,5,vol_ratio,,,representante
flies,er_20,6,er_20,,,representante
flies,slope_20,7,slope_20,,,representante
flies,macd_hist,8,macd_hist,,,representante
flies,level_pct,9,level_z,0.9531259287409254,-0.0658169946935202,aporta
flies,level_z,9,level_z,0.9531259287409254,,representante
