family,primary,confirmator,p_bucket,c_bucket,mean_fwd,n
outrights,level_z,z_20,1,1,-1.420619372442019,3665
outrights,level_z,z_20,1,2,-0.02971713147410353,2510
outrights,level_z,z_20,1,3,-0.15762665198237877,1816
outrights,level_z,z_20,2,1,-0.06312844759653269,2538
outrights,level_z,z_20,2,2,0.49055115137787836,2649
outrights,level_z,z_20,2,3,0.2112981455064194,2804
outrights,level_z,z_20,3,1,-0.38943715615742697,2363
outrights,level_z,z_20,3,2,1.8672252747252749,2548
outrights,level_z,z_20,3,3,1.3434675324675323,3080
outrights,level_z,z_20,4,1,0.24612546125461263,2710
outrights,level_z,z_20,4,2,0.9309580838323356,2839
outrights,level_z,z_20,4,3,0.7318755118755118,2442
outrights,level_z,z_20,5,1,-0.8775036710719529,2043
outrights,level_z,z_20,5,2,-0.6479834054834054,2772
outrights,level_z,z_20,5,3,-0.3380163727959697,3176
calendars,level_z,z_20,1,1,-0.06062438758845945,18370
calendars,level_z,z_20,1,2,0.033505030785403234,13318
calendars,level_z,z_20,1,3,-0.02499596448748992,8673
calendars,level_z,z_20,2,1,0.1089052784759889,15118
calendars,level_z,z_20,2,2,0.21155646333864153,14443
calendars,level_z,z_20,2,3,0.24141296296296294,10800
calendars,level_z,z_20,3,1,-0.07491446558094977,14614
calendars,level_z,z_20,3,2,0.1728012723198149,13833
calendars,level_z,z_20,3,3,0.4618364948799732,11914
calendars,level_z,z_20,4,1,-0.03571355889086747,11793
calendars,level_z,z_20,4,2,0.14126338650490528,13353
calendars,level_z,z_20,4,3,0.26425238251725275,15215
calendars,level_z,z_20,5,1,-0.2540642799023597,7374
calendars,level_z,z_20,5,2,-0.22241051862673486,12321
calendars,level_z,z_20,5,3,-0.13511855221136165,20666
cracks,level_z,z_20,1,1,0.6069079627714581,1934
cracks,level_z,z_20,1,2,0.910336247478144,1487
cracks,level_z,z_20,1,3,0.7478605089538171,1061
cracks,level_z,z_20,2,1,0.08227932285368801,1654
cracks,level_z,z_20,2,2,0.38537916371367825,1411
cracks,level_z,z_20,2,3,0.4318066337332393,1417
cracks,level_z,z_20,3,1,0.2581904161412358,1586
cracks,level_z,z_20,3,2,0.5370214105793452,1588
cracks,level_z,z_20,3,3,0.12608562691131503,1308
cracks,level_z,z_20,4,1,0.9894653614457831,1328
cracks,level_z,z_20,4,2,1.8162751460090851,1541
cracks,level_z,z_20,4,3,1.1353068815871048,1613
cracks,level_z,z_20,5,1,0.36217975206611597,968
cracks,level_z,z_20,5,2,0.7901593901593901,1443
cracks,level_z,z_20,5,3,1.1844278126508931,2071
brent_wti,level_pct,level_z,1,1,0.24684283727399167,4314
brent_wti,level_pct,level_z,1,2,0.15368852459016397,244
brent_wti,level_pct,level_z,1,3,-0.7919999999999999,15
brent_wti,level_pct,level_z,2,1,0.08824307565109549,2419
brent_wti,level_pct,level_z,2,2,0.08875061973227565,2017
brent_wti,level_pct,level_z,2,3,0.2063970588235294,136
brent_wti,level_pct,level_z,3,1,-0.01131325301204821,830
brent_wti,level_pct,level_z,3,2,0.16425652310594152,3181
brent_wti,level_pct,level_z,3,3,0.5024598930481283,561
brent_wti,level_pct,level_z,4,1,0.5479310344827586,58
brent_wti,level_pct,level_z,4,2,0.15620473201352003,2071
brent_wti,level_pct,level_z,4,3,-0.004457634056487931,2443
brent_wti,level_pct,level_z,5,2,0.5042990654205607,107
brent_wti,level_pct,level_z,5,3,-0.23138185890257557,4465
quarterly,level_z,z_20,1,1,-0.08977337110481598,3177
quarterly,level_z,z_20,1,2,0.008294442087399361,2357
quarterly,level_z,z_20,1,3,0.021577809798270748,1388
quarterly,level_z,z_20,2,1,0.02090729783037473,2535
quarterly,level_z,z_20,2,2,0.012337209302325432,2580
quarterly,level_z,z_20,2,3,0.0396290143964563,1806
quarterly,level_z,z_20,3,1,0.012319376026272725,2436
quarterly,level_z,z_20,3,2,0.1953355846348669,2369
quarterly,level_z,z_20,3,3,0.29376181474480145,2116
quarterly,level_z,z_20,4,1,-0.018642972536349195,1857
quarterly,level_z,z_20,4,2,-0.047324723247232706,2168
quarterly,level_z,z_20,4,3,0.0991298342541436,2896
quarterly,level_z,z_20,5,1,-0.18508817766165905,1531
quarterly,level_z,z_20,5,2,-0.12154294032023281,2061
quarterly,level_z,z_20,5,3,-0.07683688795434059,3329
semestral,level_z,z_20,1,1,-0.13605180533751954,2548
semestral,level_z,z_20,1,2,0.015399999999999978,2000
semestral,level_z,z_20,1,3,0.08743111111111132,1125
semestral,level_z,z_20,2,1,0.025637084779375378,2017
semestral,level_z,z_20,2,2,-0.006490407112775013,2137
semestral,level_z,z_20,2,3,0.17046772068511187,1518
semestral,level_z,z_20,3,1,-0.004562321598477683,2102
semestral,level_z,z_20,3,2,0.345864229765013,1915
semestral,level_z,z_20,3,3,0.6371419939577038,1655
semestral,level_z,z_20,4,1,0.032566489361702027,1504
semestral,level_z,z_20,4,2,-0.09325336454066693,1709
semestral,level_z,z_20,4,3,0.08202928019520123,2459
semestral,level_z,z_20,5,1,-0.08972720187061572,1283
semestral,level_z,z_20,5,2,-0.04763733018310698,1693
semestral,level_z,z_20,5,3,-0.09808676307007781,2697
yearly,level_z,z_20,1,1,-0.2885737704918033,1220
yearly,level_z,z_20,1,2,0.23798810703666995,1009
yearly,level_z,z_20,1,3,0.33284013605442175,588
yearly,level_z,z_20,2,1,-0.32477611940298484,1005
yearly,level_z,z_20,2,2,-0.34065621939275226,1021
yearly,level_z,z_20,2,3,0.07384810126582282,790
yearly,level_z,z_20,3,1,0.08605714285714287,1050
yearly,level_z,z_20,3,2,0.5330929989550679,957
yearly,level_z,z_20,3,3,1.4949072929542646,809
yearly,level_z,z_20,4,1,0.32234817813765176,741
yearly,level_z,z_20,4,2,0.030669800235017402,851
yearly,level_z,z_20,4,3,-0.05187908496732047,1224
yearly,level_z,z_20,5,1,0.3573598820058996,678
yearly,level_z,z_20,5,2,0.05552570093457949,856
yearly,level_z,z_20,5,3,-0.41346843335931394,1283
flies,level_z,z_20,1,1,-0.17930635838150277,519
flies,level_z,z_20,1,2,0.09419161676646702,334
flies,level_z,z_20,1,3,0.04598214285714249,224
flies,level_z,z_20,2,1,0.13201814058956932,441
flies,level_z,z_20,2,2,0.028096446700507743,394
flies,level_z,z_20,2,3,-0.03789256198347064,242
flies,level_z,z_20,3,1,-0.12238372093023166,344
flies,level_z,z_20,3,2,0.19064599483204123,387
flies,level_z,z_20,3,3,0.13431884057970966,345
flies,level_z,z_20,4,1,0.027703180212014473,283
flies,level_z,z_20,4,2,0.26441011235955014,356
flies,level_z,z_20,4,3,0.4849771689497712,438
flies,level_z,z_20,5,1,-0.1365865384615407,208
flies,level_z,z_20,5,2,-0.2999380804953569,323
flies,level_z,z_20,5,3,-0.11855311355311426,546
