family,date,contract,feature,side,pnl,cum_pnl
semestral,2012-04-25,CLF2013-CLN2013,rsi_div_14,-1.0,1.3350000000000086,1.3350000000000086
semestral,2012-05-30,CLF2013-CLN2013,rsi_div_14,-1.0,0.0049999999999960215,1.3400000000000047
semestral,2012-06-20,CLG2013-CLQ2013,rsi_div_14,-1.0,-1.015,0.32500000000000484
semestral,2012-06-28,CLH2013-CLU2013,rsi_div_14,-1.0,-0.38500000000000456,-0.05999999999999972
semestral,2012-07-03,CLF2013-CLN2013,rsi_div_14,-1.0,0.4250000000000119,0.3650000000000122
semestral,2012-07-23,CLJ2013-CLV2013,rsi_div_14,-1.0,-1.9450000000000067,-1.5799999999999945
semestral,2012-08-02,CLG2013-CLQ2013,rsi_div_14,1.0,1.6049999999999904,0.024999999999995914
semestral,2012-08-13,CLF2013-CLN2013,rsi_div_14,1.0,1.1149999999999956,1.1399999999999915
semestral,2012-08-23,CLK2013-CLX2013,rsi_div_14,1.0,-1.304999999999992,-0.16500000000000048
semestral,2012-08-29,CLH2013-CLU2013,rsi_div_14,1.0,-1.2250000000000079,-1.3900000000000083
semestral,2012-09-04,CLJ2013-CLV2013,rsi_div_14,1.0,-0.534999999999996,-1.9250000000000043
semestral,2012-09-06,CLG2013-CLQ2013,rsi_div_14,1.0,-0.9650000000000029,-2.8900000000000072
semestral,2012-10-04,CLH2013-CLU2013,rsi_div_14,1.0,-1.4749999999999936,-4.365000000000001
semestral,2012-10-23,CLN2013-CLF2014,rsi_div_14,-1.0,0.3050000000000074,-4.059999999999993
semestral,2012-11-20,CLJ2013-CLV2013,rsi_div_14,-1.0,-0.0049999999999948835,-4.064999999999988
semestral,2012-11-26,CLH2013-CLU2013,rsi_div_14,-1.0,-0.4250000000000108,-4.489999999999998
semestral,2012-11-26,CLK2013-CLX2013,rsi_div_14,-1.0,-0.9750000000000222,-5.46500000000002
semestral,2012-11-26,CLG2013-CLQ2013,rsi_div_14,-1.0,-0.4250000000000108,-5.890000000000031
semestral,2012-11-26,CLQ2013-CLG2014,rsi_div_14,-1.0,-0.9650000000000029,-6.855000000000033
semestral,2012-12-14,CLM2013-CLZ2013,rsi_div_14,1.0,1.6749999999999978,-5.180000000000035
semestral,2012-12-21,CLU2013-CLH2014,rsi_div_14,1.0,2.3550000000000044,-2.825000000000031
semestral,2013-01-31,CLJ2013-CLV2013,rsi_div_14,1.0,-0.5250000000000193,-3.3500000000000503
semestral,2013-02-01,CLK2013-CLX2013,rsi_div_14,1.0,-0.45499999999999774,-3.805000000000048
semestral,2013-02-04,CLM2013-CLZ2013,rsi_div_14,1.0,-0.23499999999999888,-4.040000000000047
semestral,2013-02-04,CLN2013-CLF2014,rsi_div_14,1.0,-0.23499999999998467,-4.275000000000031
semestral,2013-02-06,CLQ2013-CLG2014,rsi_div_14,1.0,0.5149999999999869,-3.7600000000000446
semestral,2013-02-15,CLV2013-CLJ2014,rsi_div_14,1.0,1.1349999999999916,-2.6250000000000533
semestral,2013-02-15,CLU2013-CLH2014,rsi_div_14,1.0,0.28499999999999714,-2.3400000000000563
semestral,2013-03-06,CLX2013-CLK2014,rsi_div_14,-1.0,-0.4350000000000017,-2.775000000000058
semestral,2013-03-07,CLM2013-CLZ2013,rsi_div_14,-1.0,-0.4050000000000006,-3.180000000000059
semestral,2013-03-12,CLN2013-CLF2014,rsi_div_14,-1.0,0.3949999999999966,-2.7850000000000623
semestral,2013-03-12,CLQ2013-CLG2014,rsi_div_14,-1.0,0.4050000000000017,-2.3800000000000607
semestral,2013-03-21,CLU2013-CLH2014,rsi_div_14,-1.0,-0.20499999999999774,-2.5850000000000586
semestral,2013-04-18,CLX2013-CLK2014,rsi_div_14,-1.0,-1.5950000000000124,-4.180000000000071
semestral,2013-04-18,CLZ2013-CLM2014,rsi_div_14,-1.0,-0.9049999999999864,-5.085000000000057
semestral,2013-04-19,CLQ2013-CLG2014,rsi_div_14,-1.0,-0.7150000000000029,-5.800000000000059
semestral,2013-04-25,CLN2013-CLF2014,rsi_div_14,-1.0,0.3950000000000108,-5.405000000000048
semestral,2013-04-29,CLV2013-CLJ2014,rsi_div_14,-1.0,0.005000000000010232,-5.400000000000038
semestral,2013-04-29,CLU2013-CLH2014,rsi_div_14,-1.0,0.4150000000000068,-4.9850000000000305
semestral,2013-05-22,CLX2013-CLK2014,rsi_div_14,1.0,1.2849999999999973,-3.700000000000033
semestral,2013-05-22,CLK2014-CLX2014,level_z,1.0,0.05499999999999318,-3.64500000000004
semestral,2013-05-24,CLH2014-CLU2014,level_z,1.0,1.2549999999999961,-2.390000000000044
semestral,2013-05-28,CLQ2013-CLG2014,rsi_div_14,-1.0,-1.3350000000000073,-3.725000000000051
semestral,2013-05-29,CLF2014-CLN2014,level_z,1.0,1.974999999999995,-1.7500000000000562
semestral,2013-06-05,CLG2014-CLQ2014,level_z,1.0,1.88500000000002,0.13499999999996382
semestral,2013-06-05,CLU2013-CLH2014,rsi_div_14,-1.0,-5.165000000000005,-5.030000000000042
semestral,2013-06-21,CLJ2014-CLV2014,level_z,1.0,1.9349999999999887,-3.095000000000053
semestral,2013-06-26,CLM2014-CLZ2014,level_z,1.0,0.9350000000000028,-2.1600000000000503
semestral,2013-07-08,CLK2014-CLX2014,level_z,1.0,1.3250000000000035,-0.8350000000000468
semestral,2013-07-24,CLN2014-CLF2015,level_z,1.0,1.4950000000000052,0.6599999999999584
semestral,2013-07-29,CLM2014-CLZ2014,level_z,1.0,1.4249999999999978,2.0849999999999564
semestral,2013-07-29,CLV2013-CLJ2014,rsi_div_14,1.0,0.7050000000000131,2.7899999999999694
semestral,2013-07-29,CLX2013-CLK2014,rsi_div_14,1.0,0.46500000000000397,3.2549999999999732
semestral,2013-08-02,CLJ2014-CLV2014,level_z,1.0,1.5150000000000154,4.769999999999989
semestral,2013-08-09,CLZ2013-CLM2014,rsi_div_14,-1.0,-0.9450000000000068,3.824999999999982
semestral,2013-08-14,CLK2014-CLX2014,level_z,1.0,0.965000000000004,4.789999999999986
semestral,2013-08-16,CLH2014-CLU2014,level_z,1.0,0.10500000000000455,4.894999999999991
semestral,2013-08-19,CLQ2014-CLG2015,level_z,1.0,-0.5849999999999932,4.309999999999998
semestral,2013-08-20,CLG2014-CLQ2014,level_z,1.0,-0.10500000000000341,4.204999999999995
semestral,2013-08-29,CLX2013-CLK2014,rsi_div_14,-1.0,3.8350000000000084,8.040000000000003
semestral,2013-09-09,CLJ2014-CLV2014,level_z,1.0,-1.104999999999989,6.935000000000014
semestral,2013-09-12,CLN2014-CLF2015,level_z,1.0,-1.4050000000000005,5.530000000000014
semestral,2013-09-18,CLU2014-CLH2015,level_z,1.0,-0.8650000000000085,4.665000000000005
semestral,2013-09-19,CLZ2013-CLM2014,rsi_div_14,-1.0,3.7149999999999896,8.379999999999995
semestral,2013-09-19,CLK2014-CLX2014,level_z,1.0,-0.7850000000000102,7.5949999999999855
semestral,2013-09-19,CLM2014-CLZ2014,level_z,1.0,-0.5949999999999841,7.000000000000002
semestral,2013-09-24,CLQ2014-CLG2015,level_z,1.0,-0.23499999999999888,6.765000000000003
semestral,2013-09-26,CLH2014-CLU2014,level_z,1.0,-1.6350000000000044,5.129999999999999
semestral,2013-10-21,CLV2014-CLJ2015,level_z,1.0,-0.5250000000000051,4.604999999999994
semestral,2013-10-23,CLU2014-CLH2015,level_z,1.0,-0.6449999999999955,3.9599999999999986
semestral,2013-10-29,CLQ2014-CLG2015,level_z,1.0,0.4249999999999977,4.384999999999996
semestral,2013-11-21,CLX2014-CLK2015,level_z,1.0,1.1649999999999927,5.549999999999989
semestral,2013-11-29,CLU2014-CLH2015,level_z,1.0,1.0050000000000103,6.555
semestral,2013-11-29,CLV2014-CLJ2015,level_z,1.0,0.8849999999999915,7.4399999999999915
semestral,2013-12-02,CLN2014-CLF2015,level_z,1.0,0.7349999999999858,8.174999999999978
semestral,2013-12-02,CLM2014-CLZ2014,level_z,1.0,1.8350000000000086,10.009999999999986
semestral,2013-12-04,CLG2014-CLQ2014,level_z,1.0,-0.6950000000000068,9.314999999999978
semestral,2013-12-31,CLH2014-CLU2014,level_z,1.0,1.6250000000000149,10.939999999999992
semestral,2014-01-02,CLX2014-CLK2015,level_z,1.0,0.2450000000000051,11.184999999999997
semestral,2014-01-02,CLM2014-CLZ2014,level_z,1.0,0.8150000000000125,12.000000000000009
semestral,2014-01-02,CLZ2014-CLM2015,level_z,1.0,0.504999999999996,12.505000000000004
semestral,2014-01-02,CLQ2014-CLG2015,level_z,1.0,1.235,13.740000000000004
semestral,2014-01-07,CLK2014-CLX2014,level_z,1.0,1.0949999999999995,14.835000000000003
semestral,2014-01-08,CLU2014-CLH2015,level_z,1.0,1.4149999999999927,16.249999999999996
semestral,2014-01-08,CLV2014-CLJ2015,level_z,1.0,1.2650000000000012,17.514999999999997
semestral,2014-01-08,CLN2014-CLF2015,level_z,1.0,1.454999999999999,18.969999999999995
semestral,2014-01-15,CLJ2014-CLV2014,level_z,1.0,1.9049999999999876,20.874999999999982
semestral,2014-02-10,CLX2014-CLK2015,level_z,1.0,-0.14500000000000968,20.729999999999972
semestral,2014-02-13,CLM2014-CLZ2014,level_z,1.0,-0.30500000000000627,20.424999999999965
semestral,2014-03-10,CLN2014-CLF2015,level_z,1.0,0.5450000000000165,20.96999999999998
semestral,2014-03-11,CLU2014-CLH2015,level_z,1.0,0.6550000000000017,21.624999999999982
semestral,2014-03-13,CLZ2014-CLM2015,level_z,1.0,0.8650000000000097,22.48999999999999
semestral,2014-03-19,CLM2014-CLZ2014,level_z,1.0,0.774999999999992,23.264999999999983
semestral,2014-03-20,CLV2014-CLJ2015,level_z,1.0,0.3949999999999966,23.65999999999998
semestral,2014-03-26,CLQ2014-CLG2015,level_z,1.0,-0.9449999999999926,22.714999999999986
semestral,2014-04-22,CLU2014-CLH2015,level_z,1.0,0.794999999999988,23.509999999999973
semestral,2014-04-23,CLX2014-CLK2015,level_z,1.0,0.5750000000000034,24.084999999999976
semestral,2014-04-28,CLN2014-CLF2015,level_z,1.0,0.6449999999999966,24.729999999999972
semestral,2014-04-30,CLV2014-CLJ2015,level_z,1.0,0.5650000000000125,25.294999999999984
semestral,2014-05-01,CLZ2014-CLM2015,level_z,1.0,0.6150000000000097,25.909999999999993
semestral,2014-05-07,CLQ2014-CLG2015,level_z,1.0,0.19499999999999373,26.104999999999986
semestral,2014-06-02,CLX2014-CLK2015,level_z,1.0,-0.9250000000000108,25.179999999999975
semestral,2014-06-04,CLV2014-CLJ2015,level_z,1.0,-0.7749999999999909,24.404999999999983
semestral,2014-06-16,CLQ2014-CLG2015,level_z,1.0,-3.235000000000013,21.16999999999997
semestral,2014-06-17,CLZ2014-CLM2015,level_z,1.0,-2.155000000000015,19.014999999999954
semestral,2014-06-18,CLF2015-CLN2015,rsi_div_14,1.0,-0.5550000000000063,18.459999999999948
semestral,2014-06-18,CLU2014-CLH2015,level_z,1.0,-0.08499999999999318,18.374999999999954
semestral,2014-06-23,CLH2015-CLU2015,rsi_div_14,1.0,-1.7649999999999857,16.609999999999967
semestral,2014-06-26,CLG2015-CLQ2015,rsi_div_14,1.0,-1.284999999999996,15.32499999999997
semestral,2014-07-17,CLU2014-CLH2015,level_z,1.0,-1.4249999999999965,13.899999999999974
semestral,2014-07-17,CLV2014-CLJ2015,level_z,1.0,-3.034999999999996,10.864999999999977
semestral,2014-07-18,CLX2014-CLK2015,level_z,1.0,-2.8649999999999944,7.999999999999982
semestral,2014-08-04,CLZ2014-CLM2015,level_z,1.0,-2.1350000000000047,5.864999999999977
semestral,2014-09-01,CLX2014-CLK2015,level_z,1.0,1.3949999999999967,7.259999999999974
semestral,2014-09-11,CLZ2014-CLM2015,level_z,1.0,0.37499999999998634,7.634999999999961
semestral,2014-09-19,CLH2015-CLU2015,rsi_div_14,1.0,-0.05500000000000625,7.579999999999955
semestral,2014-09-26,CLG2015-CLQ2015,rsi_div_14,1.0,-1.3450000000000124,6.234999999999943
semestral,2014-09-28,CLF2015-CLN2015,rsi_div_14,1.0,-1.0049999999999948,5.229999999999948
semestral,2014-09-29,CLJ2015-CLV2015,rsi_div_14,1.0,-1.525000000000005,3.7049999999999432
semestral,2014-10-07,CLK2015-CLX2015,rsi_div_14,1.0,-1.3650000000000084,2.339999999999935
semestral,2014-10-10,CLM2015-CLZ2015,rsi_div_14,1.0,-0.6450000000000097,1.6949999999999252
semestral,2014-10-14,CLZ2014-CLM2015,level_z,1.0,-1.9350000000000016,-0.24000000000007637
semestral,2014-10-31,CLJ2015-CLV2015,rsi_div_14,1.0,-0.5750000000000023,-0.8150000000000787
semestral,2014-11-21,CLQ2015-CLG2016,rsi_div_14,1.0,-2.834999999999986,-3.6500000000000647
semestral,2015-02-12,CLU2015-CLH2016,rsi_div_14,1.0,-0.6450000000000026,-4.295000000000067
semestral,2015-02-13,CLN2015-CLF2016,rsi_div_14,1.0,0.5349999999999971,-3.7600000000000704
semestral,2015-02-16,CLJ2015-CLV2015,rsi_div_14,1.0,-2.8650000000000087,-6.625000000000079
semestral,2015-02-18,CLK2015-CLX2015,rsi_div_14,1.0,-0.02499999999999801,-6.650000000000077
semestral,2015-02-18,CLQ2015-CLG2016,rsi_div_14,1.0,-0.5650000000000043,-7.215000000000081
semestral,2015-02-18,CLM2015-CLZ2015,rsi_div_14,1.0,-0.6449999999999955,-7.860000000000076
semestral,2015-02-18,CLV2015-CLJ2016,rsi_div_14,1.0,-0.8749999999999994,-8.735000000000076
semestral,2015-02-23,CLX2015-CLK2016,rsi_div_14,1.0,0.5950000000000065,-8.14000000000007
semestral,2015-03-11,CLZ2015-CLM2016,rsi_div_14,1.0,0.20499999999999885,-7.935000000000071
semestral,2015-03-18,CLN2015-CLF2016,rsi_div_14,1.0,2.3949999999999965,-5.540000000000074
semestral,2015-03-19,CLK2015-CLX2015,rsi_div_14,1.0,2.4450000000000007,-3.095000000000073
semestral,2015-03-19,CLM2015-CLZ2015,rsi_div_14,1.0,2.465000000000004,-0.6300000000000692
semestral,2015-03-22,CLQ2015-CLG2016,rsi_div_14,1.0,0.9549999999999988,0.3249999999999297
semestral,2015-04-22,CLF2016-CLN2016,rsi_div_14,1.0,0.2450000000000051,0.5699999999999348
semestral,2015-04-28,CLZ2015-CLM2016,rsi_div_14,1.0,0.6149999999999954,1.1849999999999303
semestral,2015-05-01,CLN2015-CLF2016,rsi_div_14,1.0,1.3949999999999967,2.5799999999999272
semestral,2015-05-03,CLQ2015-CLG2016,rsi_div_14,1.0,0.8949999999999966,3.4749999999999237
semestral,2015-05-10,CLX2015-CLK2016,rsi_div_14,1.0,0.11500000000000256,3.589999999999926
semestral,2015-05-20,CLV2015-CLJ2016,rsi_div_14,1.0,0.44500000000000794,4.034999999999934
semestral,2015-05-31,CLU2015-CLH2016,rsi_div_14,1.0,-0.18500000000000172,3.8499999999999326
semestral,2015-05-31,CLF2016-CLN2016,rsi_div_14,1.0,-0.20499999999999774,3.6449999999999347
semestral,2015-09-11,CLK2016-CLX2016,rsi_div_14,1.0,1.0750000000000035,4.7199999999999385
semestral,2015-09-11,CLF2016-CLN2016,rsi_div_14,1.0,0.4249999999999977,5.1449999999999365
semestral,2015-09-11,CLH2016-CLU2016,rsi_div_14,1.0,0.235,5.379999999999937
semestral,2015-09-11,CLJ2016-CLV2016,rsi_div_14,1.0,0.1749999999999977,5.554999999999935
semestral,2015-09-13,CLZ2015-CLM2016,rsi_div_14,1.0,0.5349999999999971,6.089999999999932
semestral,2015-09-15,CLX2015-CLK2016,rsi_div_14,1.0,-0.1049999999999963,5.984999999999936
semestral,2015-09-23,CLG2016-CLQ2016,rsi_div_14,1.0,-0.44499999999999973,5.539999999999937
semestral,2015-09-24,CLM2016-CLZ2016,rsi_div_14,1.0,-0.045000000000001136,5.494999999999936
semestral,2015-10-12,CLZ2015-CLM2016,rsi_div_14,1.0,-1.7150000000000027,3.7799999999999336
semestral,2015-10-16,CLH2016-CLU2016,rsi_div_14,1.0,-1.1650000000000056,2.6149999999999283
semestral,2015-10-16,CLF2016-CLN2016,rsi_div_14,1.0,-1.3150000000000042,1.299999999999924
semestral,2016-03-29,CLM2016-CLZ2016,rsi_div_14,1.0,0.3950000000000037,1.694999999999928
semestral,2016-03-30,CLU2016-CLH2017,rsi_div_14,1.0,0.6350000000000057,2.3299999999999335
semestral,2016-03-30,CLZ2016-CLM2017,rsi_div_14,1.0,0.6850000000000028,3.014999999999936
semestral,2016-03-30,CLN2016-CLF2017,rsi_div_14,1.0,0.5850000000000014,3.5999999999999375
semestral,2016-03-30,CLQ2016-CLG2017,rsi_div_14,1.0,0.9350000000000028,4.534999999999941
semestral,2016-05-05,CLU2016-CLH2017,rsi_div_14,1.0,-0.23499999999999888,4.299999999999942
semestral,2016-05-05,CLV2016-CLJ2017,rsi_div_14,1.0,-0.5850000000000003,3.7149999999999417
semestral,2016-05-31,CLZ2016-CLM2017,rsi_div_14,1.0,-0.9149999999999986,2.799999999999943
semestral,2016-08-26,CLX2016-CLK2017,rsi_div_14,1.0,0.244999999999998,3.044999999999941
semestral,2016-08-26,CLZ2016-CLM2017,rsi_div_14,1.0,-0.39500000000000257,2.649999999999938
semestral,2016-10-21,CLZ2016-CLM2017,rsi_div_14,1.0,-1.2250000000000079,1.4249999999999303
semestral,2017-09-06,CLF2018-CLN2018,rsi_div_14,-1.0,-0.08499999999999318,1.3399999999999372
semestral,2017-09-14,CLM2018-CLZ2018,rsi_div_14,-1.0,-0.46500000000000286,0.8749999999999344
semestral,2017-12-07,CLM2018-CLZ2018,rsi_div_14,-1.0,-0.6649999999999986,0.2099999999999358
semestral,2017-12-15,CLH2018-CLU2018,rsi_div_14,-1.0,-0.4349999999999946,-0.22500000000005882
semestral,2017-12-18,CLG2018-CLQ2018,rsi_div_14,-1.0,-0.4350000000000017,-0.6600000000000605
semestral,2017-12-26,CLJ2018-CLV2018,rsi_div_14,-1.0,-0.8950000000000026,-1.5550000000000632
semestral,2018-02-18,CLM2018-CLZ2018,rsi_div_14,-1.0,0.20499999999999885,-1.3500000000000645
semestral,2018-03-02,CLN2018-CLF2019,rsi_div_14,-1.0,0.3449999999999994,-1.0050000000000652
semestral,2018-03-07,CLK2018-CLX2018,rsi_div_14,-1.0,0.13499999999999857,-0.8700000000000666
semestral,2018-03-15,CLU2018-CLH2019,rsi_div_14,-1.0,-1.6750000000000036,-2.54500000000007
semestral,2018-03-20,CLM2018-CLZ2018,rsi_div_14,-1.0,-0.2449999999999969,-2.790000000000067
semestral,2018-05-09,CLN2018-CLF2019,rsi_div_14,-1.0,1.7750000000000064,-1.0150000000000607
semestral,2018-05-21,CLQ2018-CLG2019,rsi_div_14,-1.0,-0.9650000000000029,-1.9800000000000635
semestral,2018-05-21,CLU2018-CLH2019,rsi_div_14,-1.0,0.6149999999999954,-1.3650000000000682
semestral,2018-06-21,CLZ2018-CLM2019,rsi_div_14,-1.0,0.22500000000000198,-1.1400000000000663
semestral,2018-06-21,CLU2018-CLH2019,rsi_div_14,-1.0,-0.6850000000000017,-1.8250000000000681
semestral,2018-08-24,CLX2018-CLK2019,rsi_div_14,-1.0,0.8649999999999954,-0.9600000000000727
semestral,2018-08-27,CLF2019-CLN2019,rsi_div_14,-1.0,0.6550000000000017,-0.305000000000071
semestral,2018-09-19,CLZ2018-CLM2019,rsi_div_14,-1.0,1.4750000000000092,1.1699999999999382
semestral,2018-09-23,CLG2019-CLQ2019,rsi_div_14,-1.0,1.2550000000000103,2.4249999999999483
semestral,2018-09-28,CLH2019-CLU2019,rsi_div_14,-1.0,1.8050000000000004,4.229999999999949
semestral,2019-05-13,CLZ2019-CLM2020,rsi_div_14,-1.0,1.445000000000008,5.674999999999957
semestral,2019-05-22,CLQ2019-CLG2020,rsi_div_14,-1.0,0.2350000000000071,5.909999999999965
semestral,2019-05-29,CLU2019-CLH2020,rsi_div_14,-1.0,-0.13499999999999746,5.7749999999999675
semestral,2019-06-20,CLV2019-CLJ2020,rsi_div_14,-1.0,1.6349999999999987,7.409999999999966
semestral,2019-06-21,CLZ2019-CLM2020,rsi_div_14,-1.0,0.2650000000000011,7.674999999999968
semestral,2019-06-26,CLX2019-CLK2020,rsi_div_14,-1.0,0.10500000000000455,7.779999999999973
semestral,2019-08-12,CLF2020-CLN2020,rsi_div_14,-1.0,-2.175000000000004,5.6049999999999685
semestral,2019-10-23,CLH2020-CLU2020,rsi_div_14,-1.0,-0.5450000000000012,5.059999999999968
semestral,2019-10-23,CLM2020-CLZ2020,rsi_div_14,-1.0,-0.5650000000000043,4.494999999999964
semestral,2019-10-24,CLG2020-CLQ2020,rsi_div_14,-1.0,-0.13499999999999746,4.359999999999967
semestral,2019-10-25,CLF2020-CLN2020,rsi_div_14,-1.0,0.46500000000000397,4.824999999999971
semestral,2019-12-09,CLJ2020-CLV2020,rsi_div_14,-1.0,0.2650000000000011,5.089999999999972
semestral,2019-12-13,CLK2020-CLX2020,rsi_div_14,-1.0,-0.1649999999999986,4.924999999999974
semestral,2020-01-17,CLM2020-CLZ2020,rsi_div_14,-1.0,2.3950000000000036,7.319999999999977
semestral,2020-04-16,CLQ2020-CLG2021,rsi_div_14,1.0,0.9149999999999997,8.234999999999976
semestral,2020-04-17,CLU2020-CLH2021,rsi_div_14,1.0,0.994999999999998,9.229999999999974
semestral,2020-04-19,CLN2020-CLF2021,rsi_div_14,1.0,2.645,11.874999999999973
semestral,2020-04-20,CLZ2020-CLM2021,rsi_div_14,1.0,0.7850000000000042,12.659999999999977
semestral,2020-05-28,CLZ2020-CLM2021,rsi_div_14,1.0,0.8949999999999966,13.554999999999973
semestral,2020-06-23,CLF2021-CLN2021,rsi_div_14,1.0,-0.6550000000000077,12.899999999999965
semestral,2020-10-02,CLG2021-CLQ2021,rsi_div_14,1.0,0.4050000000000017,13.304999999999966
semestral,2020-10-02,CLZ2020-CLM2021,rsi_div_14,1.0,-0.47500000000000087,12.829999999999965
semestral,2020-10-29,CLH2021-CLU2021,rsi_div_14,1.0,1.8550000000000046,14.684999999999969
semestral,2020-10-29,CLJ2021-CLV2021,rsi_div_14,1.0,1.675000000000005,16.359999999999975
semestral,2021-02-01,CLK2021-CLX2021,rsi_div_14,-1.0,-1.034999999999996,15.324999999999978
semestral,2021-02-01,CLM2021-CLZ2021,rsi_div_14,-1.0,-0.9949999999999969,14.32999999999998
semestral,2021-03-09,CLK2021-CLX2021,rsi_div_14,-1.0,1.655000000000009,15.984999999999989
semestral,2021-03-16,CLM2021-CLZ2021,rsi_div_14,-1.0,1.235,17.219999999999988
semestral,2021-03-19,CLN2021-CLF2022,rsi_div_14,-1.0,-0.015,17.204999999999988
semestral,2021-03-19,CLZ2021-CLM2022,rsi_div_14,-1.0,-0.27500000000000513,16.929999999999982
semestral,2021-03-28,CLU2021-CLH2022,rsi_div_14,-1.0,-0.22499999999999376,16.704999999999988
semestral,2021-04-14,CLQ2021-CLG2022,rsi_div_14,-1.0,-0.22499999999999376,16.479999999999993
semestral,2021-04-18,CLM2021-CLZ2021,rsi_div_14,-1.0,0.08500000000000142,16.564999999999994
semestral,2021-04-20,CLN2021-CLF2022,rsi_div_14,-1.0,0.4349999999999957,16.99999999999999
semestral,2021-05-24,CLN2021-CLF2022,rsi_div_14,-1.0,-1.554999999999999,15.44499999999999
semestral,2021-05-25,CLU2021-CLH2022,rsi_div_14,-1.0,-1.285000000000003,14.159999999999986
semestral,2021-05-31,CLV2021-CLJ2022,rsi_div_14,-1.0,-1.9349999999999945,12.22499999999999
semestral,2021-07-21,CLZ2021-CLM2022,rsi_div_14,-1.0,1.3050000000000004,13.52999999999999
semestral,2021-07-21,CLU2021-CLH2022,rsi_div_14,-1.0,2.1450000000000036,15.674999999999994
semestral,2021-07-23,CLV2021-CLJ2022,rsi_div_14,-1.0,1.7449999999999768,17.41999999999997
semestral,2021-08-01,CLX2021-CLK2022,rsi_div_14,-1.0,1.8750000000000007,19.29499999999997
semestral,2021-08-27,CLZ2021-CLM2022,rsi_div_14,-1.0,-0.8450000000000125,18.449999999999957
semestral,2021-08-29,CLF2022-CLN2022,rsi_div_14,-1.0,0.12500000000000056,18.574999999999957
semestral,2021-08-31,CLH2022-CLU2022,rsi_div_14,-1.0,-1.104999999999989,17.469999999999967
semestral,2021-08-31,CLX2021-CLK2022,rsi_div_14,-1.0,-1.6550000000000147,15.814999999999952
semestral,2021-09-02,CLM2022-CLZ2022,rsi_div_14,-1.0,-1.034999999999996,14.779999999999955
semestral,2021-09-10,CLG2022-CLQ2022,rsi_div_14,-1.0,-1.814999999999997,12.964999999999957
semestral,2021-11-18,CLG2022-CLQ2022,rsi_div_14,-1.0,1.204999999999999,14.169999999999956
semestral,2021-11-29,CLJ2022-CLV2022,rsi_div_14,-1.0,-1.265,12.904999999999955
semestral,2021-11-29,CLK2022-CLX2022,rsi_div_14,-1.0,-0.9549999999999835,11.94999999999997
semestral,2021-12-19,CLG2022-CLQ2022,rsi_div_14,-1.0,-4.395000000000009,7.5549999999999615
semestral,2021-12-19,CLH2022-CLU2022,rsi_div_14,-1.0,-2.6149999999999944,4.9399999999999675
semestral,2021-12-20,CLN2022-CLF2023,rsi_div_14,-1.0,-2.3550000000000035,2.584999999999964
semestral,2021-12-20,CLM2022-CLZ2022,rsi_div_14,-1.0,-2.754999999999995,-0.17000000000003102
semestral,2022-03-24,CLM2022-CLZ2022,rsi_div_14,-1.0,7.845,7.674999999999969
semestral,2022-04-04,CLU2022-CLH2023,rsi_div_14,-1.0,-3.965000000000003,3.7099999999999658
semestral,2022-04-04,CLZ2022-CLM2023,rsi_div_14,-1.0,-2.5649999999999973,1.1449999999999685
semestral,2022-04-12,CLQ2022-CLG2023,rsi_div_14,-1.0,-7.575000000000016,-6.430000000000048
semestral,2022-04-27,CLN2022-CLF2023,rsi_div_14,-1.0,-4.745000000000018,-11.175000000000065
semestral,2022-06-21,CLF2023-CLN2023,rsi_div_14,-1.0,3.8750000000000147,-7.3000000000000504
semestral,2022-06-24,CLU2022-CLH2023,rsi_div_14,-1.0,3.0550000000000073,-4.245000000000044
semestral,2022-06-26,CLV2022-CLJ2023,rsi_div_14,-1.0,3.75500000000001,-0.4900000000000335
semestral,2022-07-04,CLX2022-CLK2023,rsi_div_14,-1.0,6.174999999999984,5.684999999999951
semestral,2022-07-11,CLZ2022-CLM2023,rsi_div_14,-1.0,2.9350000000000027,8.619999999999953
semestral,2022-08-23,CLF2023-CLN2023,rsi_div_14,-1.0,0.3949999999999966,9.014999999999949
semestral,2022-08-26,CLX2022-CLK2023,rsi_div_14,-1.0,-0.765,8.249999999999948
semestral,2022-12-21,CLJ2023-CLV2023,rsi_div_14,-1.0,0.6450000000000108,8.894999999999959
semestral,2022-12-22,CLM2023-CLZ2023,rsi_div_14,-1.0,-0.015,8.879999999999958
semestral,2022-12-26,CLH2023-CLU2023,rsi_div_14,-1.0,1.3450000000000137,10.224999999999971
semestral,2023-01-29,CLN2023-CLF2024,rsi_div_14,-1.0,0.504999999999996,10.729999999999967
semestral,2023-08-31,CLH2024-CLU2024,rsi_div_14,-1.0,-0.7149999999999886,10.014999999999977
semestral,2023-09-04,CLM2024-CLZ2024,rsi_div_14,-1.0,-0.3150000000000114,9.699999999999966
semestral,2023-10-13,CLZ2023-CLM2024,rsi_div_14,-1.0,4.314999999999999,14.014999999999965
semestral,2023-10-17,CLF2024-CLN2024,rsi_div_14,-1.0,4.014999999999987,18.02999999999995
semestral,2023-10-17,CLH2024-CLU2024,rsi_div_14,-1.0,2.5750000000000033,20.604999999999954
semestral,2023-10-18,CLM2024-CLZ2024,rsi_div_14,-1.0,1.454999999999999,22.059999999999953
semestral,2023-10-19,CLG2024-CLQ2024,rsi_div_14,-1.0,3.584999999999994,25.644999999999946
semestral,2023-10-20,CLJ2024-CLV2024,rsi_div_14,-1.0,2.1250000000000004,27.769999999999946
semestral,2023-11-30,CLH2024-CLU2024,rsi_div_14,-1.0,0.08499999999999432,27.85499999999994
semestral,2024-04-19,CLM2024-CLZ2024,rsi_div_14,-1.0,1.2750000000000064,29.129999999999946
semestral,2024-04-23,CLN2024-CLF2025,rsi_div_14,-1.0,1.5249999999999921,30.654999999999937
semestral,2024-08-12,CLV2024-CLJ2025,rsi_div_14,-1.0,2.10499999999999,32.75999999999993
semestral,2025-05-29,CLZ2025-CLM2026,rsi_div_14,1.0,0.6550000000000017,33.41499999999993
semestral,2025-09-22,CLG2026-CLQ2026,rsi_div_14,1.0,0.045000000000002274,33.45999999999993
semestral,2025-10-01,CLM2026-CLZ2026,rsi_div_14,1.0,-0.1849999999999946,33.274999999999935
semestral,2025-10-02,CLH2026-CLU2026,rsi_div_14,1.0,0.22500000000000198,33.499999999999936
semestral,2025-10-03,CLF2026-CLN2026,rsi_div_14,1.0,0.475000000000002,33.97499999999994
semestral,2025-12-04,CLK2026-CLX2026,rsi_div_14,1.0,0.0749999999999963,34.04999999999993
semestral,2026-01-18,CLZ2026-CLM2027,rsi_div_14,1.0,0.8050000000000003,34.85499999999993
semestral,2026-04-13,CLU2026-CLH2027,rsi_div_14,-1.0,-4.755000000000009,30.099999999999923
semestral,2026-04-13,CLZ2026-CLM2027,rsi_div_14,-1.0,-2.454999999999998,27.644999999999925
semestral,2026-04-14,CLQ2026-CLG2027,rsi_div_14,-1.0,-6.705000000000012,20.939999999999912
semestral,2026-04-14,CLV2026-CLJ2027,rsi_div_14,-1.0,-6.915000000000005,14.024999999999906
semestral,2026-04-15,CLN2026-CLF2027,rsi_div_14,-1.0,-8.165000000000006,5.8599999999999
semestral,2026-04-16,CLM2026-CLZ2026,rsi_div_14,-1.0,-8.575000000000003,-2.715000000000103
semestral,2026-05-21,CLN2026-CLF2027,rsi_div_14,-1.0,12.394999999999996,9.679999999999893
semestral,2026-06-01,CLQ2026-CLG2027,rsi_div_14,-1.0,8.935000000000002,18.614999999999895
semestral,2026-06-03,CLM2027-CLZ2027,rsi_div_14,-1.0,1.6449999999999967,20.25999999999989
